주소,행정동,단지종류,단지명_공시가격,단지명_건축물대장,단지명_도로명주소,단지고유번호,동수,필지고유번호,세대수,사용승인일,동명_건축물대장,지상층수,위도,경도
경상남도 진주시 망경동 390,망경동,1,동신,,망경동신아파트,"""48170100017389""",2,"""4817010100103900000""",95,19900417,"1동,2동",5,35.18014672,128.081403
경상남도 진주시 망경동 253,망경동,1,망경한보타운,망경한보타운,망경한보타운,"""48170100017390""",6,"""4817010100102530000""",886,19971018,"102동,103동,104동,105동,106동,107동",20,35.18213063,128.0803571
경상남도 진주시 망경동 45-4,망경동,1,삼호그린맨션,,삼호그린맨션,"""48170100017391""",1,"""4817010100100450004""",65,19920115,1동,11,35.18416967,128.0857065
경상남도 진주시 망경동 439-15,망경동,1,이화맨션,,망경이화맨션,"""48170100017392""",3,"""4817010100104390015""",90,19890531,"가동,나동,다동",5,35.18083678,128.0841131
경상남도 진주시 주약동 407-1,주약동,1,금호석류,금호석류마을,금호석류마을,"""48170100017394""",15,"""4817010200104070001""",782,19991217,"101동,102동,103동,104동,105동,106동,107동,108동,109동,110동",21,35.17267269,128.0952337
경상남도 진주시 주약동 156,주약동,1,한주럭키타운,한주럭키타운,한주럭키타운,"""48170100017396""",13,"""4817010200101560000""",936,19900430,"1동,2동,3동,5동,6동,7동,8동,9동,10동,11동",12,35.17647695,128.0908135
경상남도 진주시 주약동 360,주약동,1,현대,현대아파트,현대아파트,"""48170100017398""",18,"""4817010200103600000""",835,20001127,"101동,102동,103동,104동,105동,106동,107동,108동,109동,110동",14,35.17210209,128.0932767
경상남도 진주시 주약동 360-2,주약동,1,한보은빛마을,한보은빛마을,한보은빛마을,"""48170100017399""",7,"""4817010200103600002""",516,20020328,"101동,102동,103동,104동,105동,106동,107동",8,35.17116606,128.093669
경상남도 진주시 강남동 233,강남동,1,대경강남타운,대경강남타운/대경빌딩,대경강남타운,"""48170100017400""",1,"""4817010300102330000""",179,19971231,101동,20,35.18032584,128.0896551
경상남도 진주시 강남동 219,강남동,1,동성가든타워,동성가든타워,동성가든타워,"""48170100017401""",3,"""4817010300102190000""",195,19940101,아파트,18,35.18091616,128.0893281
경상남도 진주시 강남동 7-61,강남동,1,서성파라토피아,,서성파라토피아아파트,"""48170100017402""",1,"""4817010300100070061""",66,19891227,1동,11,35.18670151,128.0882669
경상남도 진주시 강남동 170,강남동,1,한주한보,강남한주한보타운,강남한주한보타운,"""48170100017403""",1,"""4817010300101700000""",279,19950529,101동,18,35.18411746,128.0867034
경상남도 진주시 칠암동 78,칠암동,1,칠암한주타운,칠암 한주 아파트,칠암한주아파트,"""48170100017409""",1,"""4817010400100780000""",190,19951023,101동,21,35.17756353,128.0972425
경상남도 진주시 칠암동 277,칠암동,1,현대,,현대아파트,"""48170100017410""",3,"""4817010400102770000""",190,19850816,"가동,나동,다동",10,35.18713645,128.089002
경상남도 진주시 상봉동 800-1,상봉동,1,상봉1,,상봉아파트,"""48170100017418""",13,"""4817011400108000001""",650,19760101,"1동,2동,3동,5동,6동,7동,8동,9동,10동,11동",5,35.1992193,128.0712468
경상남도 진주시 상봉동 1446,상봉동,1,상봉2,상봉주공2차아파트,상봉주공2차아파트,"""48170100017419""",9,"""4817011400114460000""",260,19861011,"201동,202동,203동,204동,205동,206동,207동,208동,209동",5,35.20325305,128.0732744
경상남도 진주시 상봉동 1096,상봉동,1,한주타운,,상봉한주타운,"""48170100017423""",5,"""4817011400110960000""",467,19920808,"1동,2동,3동,4동,5동",19,35.19595981,128.0711884
경상남도 진주시 상봉동 615-2,상봉동,1,화인,화인아파트,화인아파트,"""48170100017424""",4,"""4817011400106150002""",459,19940607,"101동,102동,103동,105동",15,35.20153061,128.0684194
경상남도 진주시 옥봉동 187-1,옥봉동,1,국화,,옥봉국화조합아파트,"""48170100017427""",2,"""4817011800101870001""",65,19910412,"가동,나동",5,35.19658548,128.0927056
경상남도 진주시 옥봉동 805-3,옥봉동,1,남강한주,남강한주타운,남강한주타운,"""48170100017428""",1,"""4817011800108050003""",97,20000905,남강한주타운,16,35.19070832,128.0914632
경상남도 진주시 옥봉동 176-1,옥봉동,1,대림,,대림아파트,"""48170100017429""",1,"""4817011800101760001""",145,19930619,,15,35.19586275,128.0939607
경상남도 진주시 상대동 331-1,상대동,1,대동,대동아파트,대동아파트,"""48170100017434""",5,"""4817011900103310001""",160,19791112,"가동,나동,다동,라동,마동",5,35.18591079,128.1190256
경상남도 진주시 상대동 645-34,상대동,1,동서훼밀리,,동서훼밀리,"""48170100017436""",2,"""4817011900106450034""",162,19921128,"1동,B동",11,35.18407195,128.1092299
경상남도 진주시 상대동 304-4,상대동,1,상대한보타운,상대한보아파트,상대한보아파트,"""48170100017440""",6,"""4817011900103040004""",805,20020209,"101동,102동,103동,104동,105동,106동",16,35.18118383,128.1136681
경상남도 진주시 상대동 534-2,상대동,1,상대한주그린,,상대한주그린아파트,"""48170100017441""",1,"""4817011900105340002""",110,19990820,주2,11,35.18632683,128.1107324
경상남도 진주시 상대동 293-3,상대동,1,송학맨션,,송학맨션,"""48170100017443""",2,"""4817011900102930003""",60,19841031,"가동,나동",5,35.18041128,128.1038479
경상남도 진주시 상대동 472,상대동,1,현대,현대아파트,현대아파트,"""48170100017448""",9,"""4817011900104720000""",684,19911029,"101동,102동,103동,104동,105동,106동,107동,108동,109동",15,35.18723514,128.1134048
경상남도 진주시 상대동 307-4,상대동,1,흥한타운,,상대흥한아파트,"""48170100017449""",1,"""4817011900103070004""",108,19950620,101동,17,35.18240142,128.1162985
경상남도 진주시 하대동 134-2,하대동,1,건일,,건일아파트,"""48170100017450""",2,"""4817012000101340002""",120,19871002,"1동,2동",5,35.1865522,128.1255365
경상남도 진주시 하대동 104-3,하대동,1,임광,,"공,교,사주택조합아파트","""48170100017451""",2,"""4817012000101040003""",143,19891219,"1동,2동",11,35.18943951,128.1258557
경상남도 진주시 하대동 299-2,하대동,1,대경,대경하대아파트,대경하대아파트,"""48170100017452""",1,"""4817012000102990002""",150,19920131,1동,15,35.19423326,128.1251347
경상남도 진주시 하대동 100,하대동,1,대림,,하대대림아파트,"""48170100017453""",1,"""4817012000101000000""",239,19911231,1동,15,35.19388178,128.1274581
경상남도 진주시 하대동 654-2,하대동,1,대영,,하대대영아파트,"""48170100017455""",2,"""4817012000106540002""",210,19920409,"101동,102동",15,35.19612255,128.1126209
경상남도 진주시 하대동 306-1,하대동,1,대화파크맨션,,대화아파트,"""48170100017456""",1,"""4817012000103060001""",72,19911001,가동,6,35.19372672,128.123525
경상남도 진주시 하대동 308-22,하대동,1,대화강변마을,,대화강변마을,"""48170100017457""",1,"""4817012000103080022""",90,19980213,주1,15,35.19422842,128.126576
경상남도 진주시 하대동 585-2,하대동,1,도동대림,,도동대림아파트,"""48170100017458""",2,"""4817012000105850002""",283,19921203,"1동,2동",15,35.19240955,128.115229
경상남도 진주시 하대동 111,하대동,1,도운,,도운아파트,"""48170100017460""",2,"""4817012000101110000""",115,19860714,"가동,나동",5,35.18857586,128.1281926
경상남도 진주시 하대동 75-3,하대동,1,럭키강변,,럭키강변아파트,"""48170100017461""",1,"""4817012000100750003""",150,19910716,1동,15,35.18658371,128.1282134
경상남도 진주시 하대동 102-2,하대동,1,삼전,,하대삼전아파트,"""48170100017462""",3,"""4817012000101020002""",100,19881103,"가동,나동,다동",5,35.19168875,128.1277092
경상남도 진주시 하대동 122-4,하대동,1,삼전2차,,삼전2차아파트,"""48170100017463""",3,"""4817012000101220004""",60,19890428,"1동,2동,3동",5,35.187498,128.1277566
경상남도 진주시 하대동 323-2,하대동,1,삼전3,,삼전3차아파트,"""48170100017464""",3,"""4817012000103230002""",90,19891106,"가동,나동,다동",5,35.19214625,128.1228886
경상남도 진주시 하대동 315,하대동,1,삼전프라자,,삼전프라자,"""48170100017465""",2,"""4817012000103150000""",176,19960229,,12,35.19277271,128.1211902
경상남도 진주시 하대동 325,하대동,1,삼호맨션,,하대삼호맨션,"""48170100017466""",3,"""4817012000103250000""",90,19900113,"1동,2동,3동",5,35.19217466,128.1235866
경상남도 진주시 하대동 72,하대동,1,상대주공,,상대아파트,"""48170100017467""",11,"""4817012000100720000""",510,19801024,"1동,2동,3동,5동,6동,7동,8동,9동,10동,11동",5,35.18515644,128.123742
경상남도 진주시 하대동 104-1,하대동,1,성창조합주택,성창조합주택,성창조합주택,"""48170100017469""",1,"""4817012000101040001""",65,19850814,,5,35.18945102,128.1250242
경상남도 진주시 하대동 641-33,하대동,1,쌍용,,진주쌍용아파트,"""48170100017471""",2,"""4817012000106410033""",156,19960531,"101동,102동",20,35.19618271,128.1136365
경상남도 진주시 하대동 113-3,하대동,1,올림피아골든맨션,,올림피아골든맨션,"""48170100017472""",2,"""4817012000101130003""",60,19890715,"가동,나동",5,35.18809182,128.1231158
경상남도 진주시 하대동 610-2,하대동,1,일신,,일신아파트,"""48170100017473""",3,"""4817012000106100002""",258,19910909,"1동,2동,3동",12,35.19338377,128.1146997
경상남도 진주시 하대동 73-1,하대동,1,하대주공,,주공아파트,"""48170100017474""",10,"""4817012000100730001""",500,19820706,"101동,102동,103동,104동,105동,106동,107동,108동,109동,110동",5,35.18529765,128.126994
경상남도 진주시 하대동 75-17,하대동,1,한보(하대3차),하대 한보아파트,하대 한보아파트,"""48170100017477""",2,"""4817012000100750017""",288,19930227,"1동,2동",20,35.18550727,128.1282931
경상남도 진주시 하대동 109-5,하대동,1,한보타워(하대1차),,한보타워맨션,"""48170100017478""",1,"""4817012000101090005""",155,19920104,1동,15,35.18878994,128.1270283
경상남도 진주시 하대동 141-3,하대동,1,한보힐타워,,한보힐타워맨션,"""48170100017479""",1,"""4817012000101410003""",152,19920325,1동,18,35.18611306,128.1271767
경상남도 진주시 하대동 101,하대동,1,현대,현대아파트,현대아파트,"""48170100017480""",7,"""4817012000101010000""",1108,19960628,"101동,102동,103동,104동,105동,106동,107동",23,35.19269427,128.1265822
경상남도 진주시 하대동 412,하대동,1,흥한,,흥한하대아파트,"""48170100017481""",2,"""4817012000104120000""",72,19900326,"가동,나동",6,35.18852942,128.1136967
경상남도 진주시 상평동 250-1,상평동,1,상평국민1차,,89상평국민주택(4차),"""48170100017482""",2,"""4817012100102500001""",80,19900212,"가동,나동",5,35.16959593,128.1120084
경상남도 진주시 상평동 315-1,상평동,1,국민2,,89상평국민주택(2차),"""48170100017483""",2,"""4817012100103150001""",72,19900907,"가동,나동",6,35.17385231,128.1254077
경상남도 진주시 상평동 277-1,상평동,1,대림,,대림아파트,"""48170100017485""",3,"""4817012100102770001""",157,19891223,"1동,2동,3동",12,35.1742672,128.1001935
경상남도 진주시 상평동 227,상평동,1,동국강변타워1,,동국강변아파트,"""48170100017486""",1,"""4817012100102270000""",126,19910826,1동,12,35.1700853,128.1095748
경상남도 진주시 상평동 209-2,상평동,1,동국강변타워2,,동국강변타워,"""48170100017487""",1,"""4817012100102090002""",162,19921019,1동,20,35.17013533,128.1120212
경상남도 진주시 상평동 218-4,상평동,1,상평동신,상평동신아파트,상평동신아파트,"""48170100017488""",1,"""4817012100102180004""",107,19971017,주1,15,35.17830893,128.110678
경상남도 진주시 상평동 276-4,상평동,1,석류맨션,,석류아파트,"""48170100017489""",2,"""4817012100102760004""",100,19870202,"가동,나동",5,35.17420478,128.1040427
경상남도 진주시 상평동 199-4,상평동,1,진주조합주택,진주조합주택,진주조합주택,"""48170100017490""",1,"""4817012100101990004""",90,19840906,,5,35.17589182,128.1147198
경상남도 진주시 상평동 219-91,상평동,1,촉석맨션,,촉석아파트,"""48170100017491""",6,"""4817012100102190091""",166,19801227,"가동,나동,다동,라동,마동,사동",2,35.17787641,128.1077432
경상남도 진주시 초전동 702-22,초전동,1,대림,,초전 대림아파트,"""48170100017493""",3,"""4817012200107020022""",305,19950705,"101동,102동,103동",11,35.1972437,128.1139128
경상남도 진주시 초전동 1426,초전동,1,일동,,초전일동아파트,"""48170100017494""",1,"""4817012200114260000""",180,19941116,,17,35.20743515,128.1093621
경상남도 진주시 초전동 1431-3,초전동,1,청구타운,청구타운,청구타운,"""48170100017495""",6,"""4817012200114310003""",494,19970830,"101동,102동,103동,105동,106동,107동",15,35.20270464,128.1136886
경상남도 진주시 초전동 676-3,초전동,1,초전흥한,초전흥한황토방아파트,초전흥한황토방아파트,"""48170100017496""",8,"""4817012200106760003""",456,20010418,"101동,102동,103동,104동,105동,106동,107동,108동",14,35.19918997,128.1147827
경상남도 진주시 초전동 805,초전동,1,현대,현대아파트,현대아파트,"""48170100017497""",5,"""4817012200108050000""",491,19970227,"101동,102동,201동,202동,203동",11,35.20169952,128.1138941
경상남도 진주시 평거동 741-1,평거동,1,국민주택,,국민주택아파트,"""48170100017498""",1,"""4817012600107410001""",100,19920224,1동,9,35.16892025,128.0506207
경상남도 진주시 평거동 136-6,평거동,1,대경그린파크,대경그린파크,대경그린파크,"""48170100017499""",1,"""4817012600101360006""",121,19941026,,18,35.17313166,128.0577496
경상남도 진주시 평거동 401,평거동,1,벽산블루밍(구)동신,동신2아파트,동신2아파트,"""48170100017501""",3,"""4817012600104010000""",286,19930325,"101동,102동,103동",19,35.17095156,128.0526928
경상남도 진주시 평거동 190,평거동,1,들말대경,들말대경아파트,들말대경아파트,"""48170100017502""",10,"""4817012600101900000""",750,19980114,"101동,102동,103동,104동,105동,106동,107동,108동,109동,110동",15,35.17619802,128.0634067
경상남도 진주시 평거동 192-1,평거동,1,들말한보타운,들말한보타운,들말한보타운,"""48170100017503""",8,"""4817012600101920001""",791,19971202,"101동,102동,103동,104동,105동,106동,107동,108동",15,35.17349788,128.0633156
경상남도 진주시 평거동 191-1,평거동,1,들말흥한타운,들말흥한타운,들말흥한타운,"""48170100017504""",13,"""4817012600101910001""",960,19980114,"101동,102동,103동,104동,105동,106동,107동,108동,109동,110동",15,35.17544974,128.0648349
경상남도 진주시 평거동 326,평거동,1,평거주공1차,,주공아파트,"""48170100017506""",7,"""4817012600103260000""",340,19881129,"101동,102동,103동,104동,105동,106동,107동",5,35.17189175,128.0575209
경상남도 진주시 평거동 742,평거동,1,하영그린맨션,,하영그린맨션,"""48170100017507""",2,"""4817012600107420000""",198,19920716,"A동,B동",18,35.16823893,128.0509245
경상남도 진주시 평거동 345,평거동,1,하영무지개맨션,,하영무지개맨션,"""48170100017508""",1,"""4817012600103450000""",190,19930521,주1,18,35.1697884,128.0553987
경상남도 진주시 평거동 737,평거동,1,한보타운,한보타운,한보타운,"""48170100017510""",3,"""4817012600107370000""",485,19930515,"101동,102동,103동",19,35.16941939,128.0498102
경상남도 진주시 평거동 301-1,평거동,1,한보하이타운,신안 평거 한보하이타운,신안 평거 한보하이타운 상가,"""48170100017511""",1,"""4817012600103010001""",198,19950918,,21,35.17260628,128.0592874
경상남도 진주시 신안동 408-1,신안동,1,신안국제맨션,,국제아파트,"""48170100017512""",4,"""4817012500104080001""",151,19870910,"1호동,2호동,3동,5동",5,35.18191273,128.0638601
경상남도 진주시 신안동 27-1,신안동,1,대경강변맨션,,대경강변맨션,"""48170100017513""",1,"""4817012500100270001""",66,19910624,1동,11,35.18291063,128.0734222
경상남도 진주시 신안동 412,신안동,1,그린타운,그린타운,그린타운,"""48170100017521""",1,"""4817012500104120000""",112,19920313,1동,14,35.18296224,128.0643889
경상남도 진주시 신안동 708-1,신안동,1,신안주공1,신안1차주공아파트,신안1차주공아파트,"""48170100017524""",13,"""4817012500107080001""",787,19981128,"101동,102동,103동,104동,105동,106동,107동,108동,109동,110동",15,35.17755214,128.0690588
경상남도 진주시 신안동 707-1,신안동,1,신안주공2,주공아파트,주공아파트,"""48170100017525""",13,"""4817012500107070001""",1179,19960921,"201동,202동,203동,204동,205동,206동,207동,208동,209동,210동",15,35.17877589,128.0666094
경상남도 진주시 신안동 705-1,신안동,1,신안주공3,주공아파트301동-314동,주공아파트,"""48170100017526""",14,"""4817012500107050001""",1046,19971127,"301동,302동,303동,304동,305동,306동,307동,308동,309동,310동",15,35.17777307,128.0649231
경상남도 진주시 신안동 414,신안동,1,신안진주맨션,,신안진주아파트,"""48170100017528""",1,"""4817012500104140000""",60,19901119,가동,6,35.1823203,128.064188
경상남도 진주시 신안동 454-3,신안동,1,평거현대1,평거1차현대아파트,평거1차현대아파트,"""48170100017529""",3,"""4817012500104540003""",441,19931119,"101동,102동,103동",14,35.18000953,128.0678648
경상남도 진주시 신안동 454-2,신안동,1,평거현대2,평거2차 현대아파트,평거2차 현대아파트,"""48170100017530""",5,"""4817012500104540002""",402,19940217,"201동,202동,203동,204동,205동",15,35.18059785,128.0666843
경상남도 진주시 신안동 28-4,신안동,1,한보타워,,한보타워맨션,"""48170100017531""",1,"""4817012500100280004""",132,19910123,1동,12,35.18264195,128.0724966
경상남도 진주시 신안동 33-16,신안동,1,한주파크맨션,,한주파크맨션,"""48170100017533""",1,"""4817012500100330016""",195,19900809,1동,13,35.18128559,128.072598
경상남도 진주시 신안동 20,신안동,1,현대,현대아파트,현대아파트,"""48170100017534""",7,"""4817012500100200000""",694,19890830,"101동,102동,103동,104동,105동,106동,107동",13,35.18410176,128.071819
경상남도 진주시 신안동 14-1,신안동,1,흥한스위트,흥한스위트,흥한스위트,"""48170100017536""",1,"""4817012500100140001""",92,19980306,,14,35.18658359,128.0710636
경상남도 진주시 신안동 454-1,신안동,1,흥한타운1,신안1차흥한타운,신안1차흥한타운,"""48170100017537""",3,"""4817012500104540001""",225,19931217,"101동,102동,103동",15,35.1815069,128.0673698
경상남도 진주시 신안동 454-4,신안동,1,흥한타운2,신안흥한타운 2차아파트,신안흥한타운2차아파트,"""48170100017538""",3,"""4817012500104540004""",345,19950321,"201동,202동,203동",15,35.1810189,128.0685494
경상남도 진주시 신안동 2-12,신안동,1,신안원정그린빌,신안 원정그린빌,신안 원정그린빌,"""48170100017539""",1,"""4817012500100020012""",83,20021115,101동,13,35.19043193,128.0682929
경상남도 진주시 유곡동 72-1,유곡동,1,한보,유곡한보아파트,유곡한보아파트,"""48170100017540""",1,"""4817012800100720001""",204,19940528,101동,20,35.19432587,128.0635575
경상남도 진주시 이현동 233-3,이현동,1,고려맨션,고려가든아파트,고려가든아파트,"""48170100017544""",1,"""4817012700102330003""",54,19911016,1동,6,35.18679337,128.0585118
경상남도 진주시 이현동 236-5,이현동,1,이현진주그린빌라,진주그린빌라,진주그린빌라,"""48170100017545""",1,"""4817012700102360005""",60,19960913,,6,35.1870618,128.0594366
경상남도 진주시 이현동 235-1,이현동,1,덕산,진주덕산아파트,진주덕산아파트,"""48170100017547""",1,"""4817012700102350001""",231,19950512,,21,35.18763736,128.0587375
경상남도 진주시 이현동 111-4,이현동,1,신익무지개,,신익무지개아파트,"""48170100017551""",3,"""4817012700101110004""",168,19870814,"가동,나동,다동",6,35.18624292,128.0621899
경상남도 진주시 이현동 270,이현동,1,우신파크맨션,,우신파크맨션,"""48170100017552""",1,"""4817012700102700000""",104,19920501,1동,13,35.19035233,128.0580707
경상남도 진주시 이현동 8-1,이현동,1,이현주공,,주공아파트,"""48170100017554""",21,"""4817012700100080001""",640,19831015,"1동,2동,3동,5동,6동,7동,8동,9동,10동,11동",5,35.19210101,128.0582386
경상남도 진주시 이현동 22-1,이현동,1,이현한주맨션,,이현한주아파트,"""48170100017556""",2,"""4817012700100220001""",60,19871203,"가동,나동",5,35.19133511,128.0643233
경상남도 진주시 판문동 269-13,판문동,1,현대,,현대아파트,"""48170100017557""",3,"""4817012900102690013""",294,19920328,"101동,102동,103동",14,35.16809488,128.0461478
경상남도 진주시 가좌동 660,가좌동,1,가좌주공2차,진주가좌주공아파트,진주가좌주공아파트,"""48170100017558""",3,"""4817013100106600000""",300,19931111,"211동,212동,213동",15,35.16168058,128.1098103
경상남도 진주시 가좌동 660,가좌동,1,가좌주공1차,진주가좌주공아파트,진주가좌주공아파트,"""48170100017559""",10,"""4817013100106600000""",1230,19931111,"201동,202동,203동,204동,205동,206동,207동,208동,209동,210동",15,35.16168058,128.1098103
경상남도 진주시 호탄동 602-1,호탄동,1,대경,대경빌라트,대경빌라트,"""48170100017560""",4,"""4817013200106020001""",304,20001228,"101동,102동,103동,104동",9,35.1648418,128.1140239
경상남도 진주시 호탄동 579-14,호탄동,1,삼성,삼성아파트,삼성아파트,"""48170100017561""",2,"""4817013200105790014""",200,19960923,"101동,102동",15,35.16262092,128.1133643
경상남도 진주시 문산읍 삼곡리 1350-4,문산읍,1,고려,문산고려아파트,문산고려아파트,"""48170100017842""",1,"""4817025023113500004""",75,19940101,,9,35.16341018,128.1609382
경상남도 진주시 문산읍 삼곡리 1611-116,문산읍,1,문산한양하이빌,문산한양하이빌,문산한양하이빌,"""48170100017844""",2,"""4817025023116110116""",59,20010824,"101동,102동",13,35.16700424,128.1619394
경상남도 진주시 문산읍 삼곡리 1182-57,문산읍,1,한양,한양아파트,한양아파트,"""48170100017845""",1,"""4817025023111820057""",60,19961115,,15,35.16544349,128.1636637
경상남도 진주시 문산읍 소문리 816-2,문산읍,1,동국한양빌라,,한양빌라,"""48170100017846""",1,"""4817025022108160002""",86,19920616,가동,13,35.16868481,128.162867
경상남도 진주시 금산면 장사리 823-8,금산면,1,경남주택금산7차,,경남주택금산7차아파트,"""48170100017848""",1,"""4817041027108230008""",66,19931005,,12,35.21933819,128.1502863
경상남도 진주시 금산면 중천리 2-6,금산면,1,금호맨션,금호맨션,금호맨션,"""48170100017849""",1,"""4817041026100020006""",60,19901029,1동,6,35.21266308,128.149401
경상남도 진주시 집현면 봉강리 249,집현면,1,현대금빛마을,진주 현대금빛마을,진주 현대금빛마을,"""48170100017851""",9,"""4817042022102490000""",667,20000825,"101동,102동,103동,104동,105동,106동,107동,108동,109동",15,35.23864604,128.0889986
경상남도 진주시 명석면 우수리 110-1,명석면,1,동신,명석동신아파트,동신아파트,"""48170100017852""",4,"""4817044031101100001""",490,19920430,"1동,2동,3동,4동",15,35.21697187,128.0390842
경상남도 진주시 호탄동 579-1,호탄동,1,대동디지털황토,대동디지털황토아파트,대동디지털황토아파트,"""48170100050940""",7,"""4817013200105790001""",496,20030529,"101동,102동,103동,104동,105동,106동,107동",15,35.16257549,128.1122375
경상남도 진주시 평거동 297-1,평거동,1,평거대화리네르빌,평거대화리네르빌,평거대화리네르빌,"""48170100052055""",2,"""4817012600102970001""",114,20040103,"101,102",15,35.17331356,128.0590468
경상남도 진주시 이현동 240,이현동,1,경남빌라다동(240-0),,경남빌라,"""48170100053617""",1,"""4817012700102400000""",60,19910209,다동,6,35.18662707,128.0609642
경상남도 진주시 칠암동 507-1,칠암동,1,칠암대덕,칠암대덕아파트,칠암대덕아파트,"""48170100225064""",1,"""4817010400105070001""",159,20041210,101,12,35.18438313,128.0901075
경상남도 진주시 평거동 298-3,평거동,1,순화천사의마을,순화천사의마을,순화천사의마을,"""48170100225081""",1,"""4817012600102980003""",53,20040504,,15,35.17266151,128.0579588
경상남도 진주시 평거동 392,평거동,1,평거2차주공,,평거(2) 주공아파트,"""48170100225082""",8,"""4817012600103920000""",480,19911119,"201동,202동,203동,204동,205동,206동,207동,208동",6,35.16910121,128.0537984
경상남도 진주시 가좌동 531-3,가좌동,3,하이로드빌라,,하이로드빌라,"""48170312216537""",7,"""4817013100105310003""",56,19930130,"1동,2동,3동,5동,6동,7동,8동",4,35.15796357,128.108634
경상남도 진주시 가좌동 660,가좌동,1,가좌2차주공(가좌주공임대),진주가좌주공아파트,진주가좌주공아파트,"""48170100225085""",3,"""4817013100106600000""",627,19931111,"101동,102동,103동",15,35.16168058,128.1098103
경상남도 진주시 호탄동 620-1,호탄동,1,대경아르떼빌,대경아르떼빌,대경아르떼빌,"""48170100225086""",1,"""4817013200106200001""",131,20020225,임대주택,10,35.16200872,128.1144961
경상남도 진주시 금산면 장사리 1000,금산면,1,금산흥한골든빌,금산흥한골든빌,금산흥한골든빌,"""48170100225088""",18,"""4817041027110000000""",1709,20020126,"101동,102동,103동,104동,105동,106동,107동,108동,109동,110동",15,35.21492896,128.1501567
경상남도 진주시 금산면 장사리 963-1,금산면,1,금산느티나무,금산 느티나무아파트,금산 느티나무아파트,"""48170100225089""",6,"""4817041027109630001""",450,20030923,"101동,102동,103동,104동,105동,106동",18,35.21768864,128.1446494
경상남도 진주시 금산면 장사리 965-1,금산면,1,금산아이파크,금산아이파크,금산아이파크,"""48170100225090""",11,"""4817041027109650001""",735,20040827,"101동,102동,103동,104동,105동,106동,107동,108동,109동,110동",16,35.21640743,128.1455664
경상남도 진주시 평거동 146,평거동,1,원정로얄팰리스,원정로얄팰리스,원정로얄팰리스,"""48170120010079""",2,"""4817012600101460000""",100,20050714,"101동,102동",15,35.17481853,128.0608215
경상남도 진주시 가좌동 573-1,가좌동,1,주공그린빌,가좌그린빌주공아파트,가좌그린빌주공아파트,"""48170120010082""",16,"""4817013100105730001""",1372,20051219,"101동,102동,103동,104동,105동,106동,107동,108동,109동,110동",20,35.1488431,128.1021738
경상남도 진주시 가좌동 464,가좌동,1,가좌3주공,가좌3주공아파트,가좌3주공아파트,"""48170120027767""",9,"""4817013100104640000""",758,20051014,"301동,302동,303동,304동,305동,306동,307동,308동,309동",10,35.15689288,128.1097294
경상남도 진주시 주약동 156-1,주약동,1,현대성우트리팰리스,현대성우 트리팰리스,현대성우 트리팰리스,"""48170120056024""",1,"""4817010200101560001""",160,20060822,,15,35.17806375,128.0898963
경상남도 진주시 상대동 249-1,상대동,1,동명,동명아파트,동명아파트,"""48170120068038""",1,"""4817011900102490001""",72,20070503,101동,10,35.18313182,128.1114593
경상남도 진주시 가좌동 721-1,가좌동,1,대화리네르빌,가좌 대화리네르빌,가좌 대화리네르빌,"""48170120068044""",3,"""4817013100107210001""",137,20070209,"101동,102동,103동",10,35.16496861,128.1069742
경상남도 진주시 일반성면 창촌리 176,일반성면,1,태완노블리안,태완노블리안아파트,태완노블리안아파트,"""48170120068047""",2,"""4817036021101760000""",110,20070326,"101동,102동",10,35.17268092,128.2861531
경상남도 진주시 금산면 장사리 961-1,금산면,1,화광비발디,화광비발디,화광비발디,"""48170120068048""",1,"""4817041027109610001""",76,20070430,101,20,35.21891801,128.1444092
경상남도 진주시 금산면 장사리 962-1,금산면,1,진주푸르지오1단지,진주푸르지오1단지,진주푸르지오1단지,"""48170120073069""",8,"""4817041027109620001""",475,20070829,"101동,102동,103동,104동,105동,106동,107동,108동",16,35.21887446,128.1459639
경상남도 진주시 금산면 장사리 964-1,금산면,1,진주푸르지오2단지,진주푸르지오2단지,진주푸르지오2단지,"""48170120073070""",5,"""4817041027109640001""",337,20070829,"201동,202동,203동,204동,205동",20,35.21782438,128.1472666
경상남도 진주시 가좌동 479-1,가좌동,1,제일풍경채,제일풍경채아파트,제일풍경채아파트,"""48170120088082""",4,"""4817013100104790001""",218,20071128,"101동,102동,103동,105동",15,35.15408056,128.1081429
경상남도 진주시 이현동 1180,이현동,1,이현하이클래스웰가,이현하이클래스웰가,이현하이클래스웰가,"""48170120092140""",14,"""4817012700111800000""",1268,20080408,"101동,102동,103동,104동,105동,106동,107동,108동,109동,110동",26,35.19391199,128.0573314
경상남도 진주시 평안동 47,평안동,1,진주롯데인벤스,진주롯데인벤스,진주롯데인벤스,"""48170120102596""",2,"""4817011000100470000""",143,20080630,,22,35.19782802,128.0832658
경상남도 진주시 금산면 장사리 768,금산면,1,금산e편한세상,금산 e-편한세상,금산 e-편한세상,"""48170120102597""",4,"""4817041027107680000""",400,20081023,"101,102,103,104",23,35.22022177,128.1530094
경상남도 진주시 상평동 1068-1,상평동,1,동일스위트,상평동 동일스위트아파트,상평동 동일스위트아파트,"""48170120113685""",11,"""4817012100110680001""",652,20081219,"101동,102동,103동,104동,105동,106동,107동,108동,109동,110동",25,35.17383821,128.1029154
경상남도 진주시 금산면 장사리 705,금산면,1,두산위브,진주 금산 두산 위브,진주 금산 두산 위브,"""48170120117791""",13,"""4817041027107050000""",970,20090130,"101,103,104,107,110",20,35.22028591,128.148462
경상남도 진주시 평거동 150-4,평거동,1,평거하우스토리,평거하우스토리아파트,평거하우스토리아파트,"""48170120123612""",4,"""4817012600101500004""",115,20090923,"201동,202동,203동,204동",10,35.17547959,128.0601164
경상남도 진주시 금산면 중천리 330,금산면,1,진흥더루벤스,진주금산 진흥 더 루벤스,진주금산 진흥 더 루벤스,"""48170120124674""",7,"""4817041026103300000""",404,20091030,"101동,102동,103동,104동,105동,106동,107동",13,35.21324596,128.140145
경상남도 진주시 주약동 133-130,주약동,1,삼환나우빌,삼환 나우빌,삼환 나우빌,"""48170120125122""",3,"""4817010200101330130""",220,20091208,"101동,102동,103동",25,35.17390753,128.0916827
경상남도 진주시 초전동 1640-1,초전동,1,진주초전푸르지오1단지,진주초전 푸르지오 1단지,진주초전 푸르지오 1단지,"""48170120125123""",9,"""4817012200116400001""",812,20091217,"101,103,104,106,107",25,35.20435962,128.1129802
경상남도 진주시 초전동 1637-1,초전동,1,진주초전푸르지오2단지,진주초전 푸르지오 2단지,진주초전 푸르지오 2단지,"""48170120126461""",10,"""4817012200116370001""",830,20100312,"203,206,207,208,210",24,35.20679965,128.1118285
경상남도 진주시 내동면 독산리 1104,내동면,1,남강휴먼빌,남강휴먼빌아파트,남강휴먼빌아파트,"""48170120128206""",11,"""4817031021111040000""",916,20100330,"101,103,104,107,110",27,35.16246677,128.0660782
경상남도 진주시 문산읍 소문리 2421,문산읍,1,진주문산코아루,진주문산코아루아파트,진주문산코아루아파트,"""48170120130597""",9,"""4817025022124210000""",520,20100630,"101동,102동,103동,104동,105동,106동,107동,108동,109동",19,35.16965696,128.1610995
경상남도 진주시 상봉동 740,상봉동,1,에스디푸른마을,에스디푸른마을,에스디푸른마을,"""48170120131255""",3,"""4817011400107400000""",116,20100813,"101동,102동,103동",10,35.20277512,128.0672552
경상남도 진주시 문산읍 삼곡리 1224,문산읍,1,진주문산파란채,진주문산파란채아파트,진주문산파란채아파트,"""48170120131445""",6,"""4817025023112240000""",351,20100906,"101동,102동,103동,104동,105동,106동",14,35.16533889,128.1657037
경상남도 진주시 평거동 797,평거동,1,평거휴먼시아4단지,평거휴먼시아4단지,평거휴먼시아4단지,"""48170120143122""",13,"""4817012600107970000""",706,20110921,"401동,402동,403동,404동,405동,406동,407동,408동,409동,410동",15,35.16796721,128.0553171
경상남도 진주시 평거동 897,평거동,1,평거휴먼시아3단지,평거휴먼시아3단지,평거휴먼시아3단지,"""48170120143194""",13,"""4817012600108970000""",588,20110921,"301동,302동,303동,304동,305동,306동,307동,308동,309동,310동",15,35.1704952,128.0591575
경상남도 진주시 가좌동 1936,가좌동,1,가호에일린의뜰,가호 에일린의 뜰 아파트,가호 에일린의 뜰 아파트,"""48170120161180""",5,"""4817013100119360000""",369,20120625,"101동,102동,103동,104동,105동",20,35.16543523,128.1090426
경상남도 진주시 평거동 802,평거동,1,평거엘에이치5단지,평거엘에이치5단지,평거엘에이치5단지,"""48170120164460""",11,"""4817012600108020000""",826,20120910,"501동,502동,503동,504동,505동,506동,507동,508동,509동,510동",15,35.16664046,128.0563546
경상남도 진주시 가좌동 1937,가좌동,1,가좌올리움,올리움아파트,올리움아파트,"""48170120166403""",4,"""4817013100119370000""",442,20121107,"101동,102동,103동,104동",20,35.16469305,128.1081612
경상남도 진주시 충무공동 191,충무공동,1,혁신도시엘에이치1단지,진주혁신도시센텀리버파크,진주혁신도시센텀리버파크,"""48170120279010""",9,"""4817013700101910000""",742,20131210,"101동,102동,103동,104동,105동,106동,107동,108동,109동",17,35.18199165,128.1477371
경상남도 진주시 상평동 1069,상평동,1,진주센트럴자이,진주센트럴자이,진주센트럴자이,"""48170120279111""",6,"""4817012100110690000""",401,20131217,"101동,102동,103동,104동,105동,106동",19,35.17778601,128.1056326
경상남도 진주시 충무공동 230,충무공동,1,진주혁신코오롱하늘채,진주혁신코오롱하늘채,진주혁신코오롱하늘채,"""48170120286029""",12,"""4817013700102300000""",1037,20140213,"401동,402동,403동,404동,405동,406동,407동,408동,409동,410동",20,35.17856329,128.1496957
경상남도 진주시 평거동 1132,평거동,1,엠코타운더프라하,평거동 1132 공동주택 (김남수),엠코타운더프라하,"""48170120290962""",14,"""4817012600111320000""",1813,20140425,"101동,102동,103동,104동,105동,106동,107동,108동,109동,110동",35,35.16507534,128.0523263
경상남도 진주시 초전동 1669,초전동,1,진주초장엠코타운더이스턴파크,진주초장 엠코타운 더 이스턴파크,진주초장 엠코타운 더 이스턴파크,"""48170120294596""",10,"""4817012200116690000""",883,20140627,"301동,302동,303동,304동,305동,306동,307동,308동,309동,310동",23,35.21331028,128.1085315
경상남도 진주시 초전동 1667,장재동,1,초전해모로루비채2단지,초전 해모로 루비채 2단지,초전 해모로 루비채 2단지,"""48170120297301""",8,"""4817012200116670000""",564,20140811,"202,203,206,207,208",18,35.21478903,128.1078923
경상남도 진주시 초전동 1670,초전동,1,초전해모로루비채4단지,초전 해모로 루비채 4단지,초전 해모로 루비채 4단지,"""48170120297488""",8,"""4817012200116700000""",774,20140811,"403,404,405,406,408",20,35.21205024,128.1096959
경상남도 진주시 충무공동 234,충무공동,1,혁신도시엘에이치5단지,혁신도시엘에이치아파트5단지,혁신도시엘에이치아파트5단지,"""48170120301574""",7,"""4817013700102340000""",600,20141015,"501동,502동,503동,504동,505동,506동,507동",20,35.17852703,128.1522883
경상남도 진주시 평거동 1130,평거동,1,더퀸즈웰가,더 퀸즈웰가,더 퀸즈웰가,"""48170120314263""",12,"""4817012600111300000""",1308,20150323,"101동,102동,103동,104동,105동,106동,107동,108동,109동,110동",29,35.16671982,128.0518748
경상남도 진주시 하대동 641-4,하대동,2,하대조합주택,,하대연립조합주택,"""48170212216352""",3,"""4817012000106410004""",51,19830430,"가동,나동,다동",3,35.1956979,128.1131272
경상남도 진주시 충무공동 348-2,충무공동,1,한국남동발전(주)본사독신자숙소,한국남동발전(주) 본사 독신자숙소,한국남동발전(주) 본사 독신자숙소,"""48170120317583""",1,"""4817013700103480002""",58,20150421,101동,12,35.17299078,128.1525953
경상남도 진주시 충무공동 77,충무공동,1,한림풀에버,한림풀에버,한림풀에버,"""48170120326611""",19,"""4817013700100770000""",1421,20151022,"101동,102동,103동,104동,105동,106동,107동,108동,109동,110동",20,35.17160093,128.1331916
경상남도 진주시 충무공동 300,충무공동,1,혁신도시엘에이치아파트8단지,혁신도시엘에이치아파트8단지,혁신도시엘에이치아파트8단지,"""48170120329823""",9,"""4817013700103000000""",802,20151210,"801동,802동,803동,804동,805동,806동,807동,808동,809동",22,35.17199136,128.1464674
경상남도 진주시 평거동 919,평거동,1,진주평거엘크루,진주평거 엘크루,진주평거 엘크루,"""48170120345053""",10,"""4817012600109190000""",472,20161220,"101동,102동,103동,104동,105동,106동,107동,108동,109동,110동",10,35.16919366,128.0603285
경상남도 진주시 충무공동 302,충무공동,1,혁신도시엘에이치아파트9단지,혁신도시엘에이치아파트9단지,혁신도시엘에이치아파트9단지,"""48170120351303""",6,"""4817013700103020000""",630,20170524,"901동,902동,903동,904동,905동,906동",16,35.17118354,128.1449514
경상남도 진주시 충무공동 195,충무공동,1,진주혁신도시라온프라이빗아파트,진주혁신도시 라온프라이빗 아파트,진주혁신도시 라온프라이빗 아파트,"""48170120359139""",6,"""4817013700101950000""",422,20171130,"201동,202동,203동,204동,205동,206동",25,35.18089749,128.1504429
경상남도 진주시 정촌면 예하리 1296,정촌면,1,진주우방아이유쉘,진주우방아이유쉘,진주우방아이유쉘,"""48170120359393""",5,"""4817032025112960000""",430,20171215,"101동,102동,103동,104동,105동",20,35.12197668,128.0977251
경상남도 진주시 평거동 141,평거동,1,건영아모리움,건영 아모리움,건영 아모리움,"""48170120359837""",2,"""4817012600101410000""",236,20171117,,24,35.1745724,128.0596252
경상남도 진주시 충무공동 306,충무공동,1,혁신도시엔에이치에프10단지,혁신도시엔에이치에프10단지,혁신도시엔에이치에프10단지,"""48170120361623""",5,"""4817013700103060000""",404,20180223,"1001동,1002동,1003동,1004동,1005동",20,35.170853,128.1430075
경상남도 진주시 충무공동 219,충무공동,1,혁신도시엘에이치아파트3단지,혁신도시엘에이치아파트3단지,혁신도시엘에이치아파트3단지,"""48170120372591""",11,"""4817013700102190000""",1256,20180615,"301동,302동,303동,304동,305동,306동,307동,308동,309동,310동",20,35.18061581,128.152787
경상남도 진주시 충무공동 296,충무공동,1,진주혁신도시대방노블랜드더캐슬아파트,진주혁신도시 대방노블랜드 더 캐슬 아파트,진주혁신도시 대방노블랜드 더 캐슬 아파트,"""48170120375799""",9,"""4817013700102960000""",743,20180822,"101동,102동,103동,104동,105동,106동,107동,108동,109동",20,35.17355126,128.1477587
경상남도 진주시 초전동 1673,초전동,1,이지더원,이지더원 아파트,이지더원 아파트,"""48170120376375""",6,"""4817012200116730000""",543,20181029,"501동,502동,503동,504동,505동,506동",26,35.2104059,128.1099924
경상남도 진주시 문산읍 삼곡리 1139-1,문산읍,1,진주문산엘에이치,진주문산엘에이치아파트,진주문산엘에이치아파트,"""48170120381283""",2,"""4817025023111390001""",210,20181115,"101동,102동",19,35.16438413,128.1625544
경상남도 진주시 가좌동 1981,가좌동,1,센트럴웰가,센트럴웰가,센트럴웰가,"""48170120382532""",10,"""4817013100119810000""",1152,20181129,"101동,102동,103동,104동,105동,106동,107동,108동,109동,110동",33,35.15390239,128.1118691
경상남도 진주시 정촌면 예하리 1286,정촌면,1,진주정촌대경파미르,진주 정촌 대경파미르 아파트,진주 정촌 대경파미르 아파트,"""48170120383719""",22,"""4817032025112860000""",1465,20190131,"101동,102동,103동,104동,105동,106동,107동,108동,109동,110동",20,35.12744858,128.1002135
경상남도 진주시 초전동 1665,장재동,1,힐스테이트초전,힐스테이트 초전,힐스테이트 초전,"""48170120384257""",9,"""4817012200116650000""",1070,20190222,"101동,102동,103동,104동,105동,106동,107동,108동,109동",29,35.21341554,128.1055567
경상남도 진주시 충무공동 134,충무공동,1,휴앤인엘리시움,휴앤인엘리시움,휴앤인엘리시움,"""48170120384773""",1,"""4817013700101340000""",190,20190319,휴앤인엘리시움,27,35.17702876,128.1400169
경상남도 진주시 충무공동 90,충무공동,1,진주혁신도시중흥에스-클래스더프라임,진주혁신도시 중흥에스-클래스 더프라임,진주혁신도시 중흥에스-클래스 더프라임,"""48170120388902""",16,"""4817013700100900000""",1143,20190523,"101동,102동,103동,104동,105동,106동,107동,108동,109동,110동",19,35.16864355,128.1346692
경상남도 진주시 평거동 1137,평거동,1,진주평거우방아이유쉘스카이팰리스,진주평거우방아이유쉘스카이팰리스,진주평거우방아이유쉘스카이팰리스,"""48170120392876""",2,"""4817012600111370000""",339,20190730,진주평거우방아이유쉘스카이팰리스,35,35.17407993,128.0602231
경상남도 진주시 가좌동 1958,가좌동,1,스카이시티프라디움,스카이 시티프라디움,스카이 시티프라디움,"""48170120395871""",7,"""4817013100119580000""",869,20191129,"101동,102동,103동,104동,105동,106동,107동",38,35.15434064,128.1165794
경상남도 진주시 가좌동 2056,가좌동,1,포레나신진주,포레나 신진주,포레나 신진주,"""48170120396661""",3,"""4817013100120560000""",424,20191223,"101동,102동,103동",38,35.1507605,128.115012
경상남도 진주시 충무공동 145,충무공동,1,진주포레스트부영,진주 포레스트 부영,진주 포레스트 부영,"""48170120400965""",11,"""4817013700101450000""",840,20200306,"101동,102동,103동,104동,105동,106동,107동,108동,109동,110동",16,35.16842911,128.1376499
경상남도 진주시 정촌면 예하리 1295,정촌면,1,진주정촌올리움,진주정촌 올리움,진주정촌 올리움,"""48170120401286""",6,"""4817032025112950000""",794,20200305,"101동,102동,103동,104동,105동,106동",17,35.12335767,128.0985901
경상남도 진주시 가좌동 2058,가좌동,1,시티프라디움,시티프라디움,시티프라디움,"""48170120411146""",3,"""4817013100120580000""",407,20200710,"201동,202동,203동",39,35.15116672,128.1159411
경상남도 진주시 충무공동 293,충무공동,1,진주혁신도시중흥에스-클래스센트럴시티2단지,진주혁신도시 중흥에스-클래스 센트럴시티 2단지,진주혁신도시 중흥에스-클래스 센트럴시티 2단지,"""48170120411385""",8,"""4817013700102930000""",560,20200716,"201동,202동,203동,204동,205동,206동,207동,208동",30,35.17342054,128.1433213
경상남도 진주시 충무공동 295,충무공동,1,진주혁신도시중흥에스-클래스센트럴시티4단지,진주혁신도시 중흥에스-클래스 센트럴시티 4단지,진주혁신도시 중흥에스-클래스 센트럴시티 4단지,"""48170120411386""",5,"""4817013700102950000""",444,20200716,"401동,402동,403동,404동,405동",27,35.17446965,128.1458398
경상남도 진주시 충무공동 298,충무공동,1,진주혁신도시중흥에스-클래스센트럴시티3단지,진주혁신도시 중흥에스-클래스 센트럴시티 3단지,진주혁신도시 중흥에스-클래스 센트럴시티 3단지,"""48170120411387""",4,"""4817013700102980000""",333,20200716,"301동,302동,303동,304동",32,35.1734932,128.1450469
경상남도 진주시 충무공동 275,충무공동,1,진주혁신도시중흥에스-클래스더퍼스트,진주혁신도시 중흥에스-클래스 더 퍼스트,진주혁신도시 중흥에스-클래스 더 퍼스트,"""48170120411899""",10,"""4817013700102750000""",726,20200819,"601동,602동,603동,604동,605동,606동,607동,608동,609동,610동",20,35.17612603,128.1503963
경상남도 진주시 강남동 387,강남동,1,진주강남동일동미라주,진주 강남동 일동미라주,진주 강남동 일동미라주,"""48170120416945""",3,"""4817010300103870000""",394,20210129,"101동,102동,103동",35,35.18372117,128.0877066
경상남도 진주시 옥봉동 700-1,옥봉동,1,진주옥봉엘에이치,진주옥봉엘에이치아파트,진주옥봉엘에이치아파트,"""48170120428955""",3,"""4817011800107000001""",500,20210908,"101동,102동,103동",15,35.19343178,128.0936106
경상남도 진주시 강남동 141-1,강남동,1,일진스위트포레강남,일진스위트포레 강남,일진스위트포레 강남,"""48170120429255""",1,"""4817010300101410001""",115,20211012,,26,35.18554548,128.086854
경상남도 진주시 가좌동 1945,가좌동,1,프리미어웰가,프리미어 웰가,프리미어 웰가,"""48170120430670""",8,"""4817013100119450000""",702,20211207,"101동,102동,103동,104동,105동,106동,107동,108동",25,35.15593094,128.1131761
경상남도 진주시 가좌동 1986,가좌동,1,신진주역세권우미린더시그니처,신진주역세권우미린더시그니처,신진주역세권우미린더시그니처,"""99000000000001""",13,,828,20240601,"101동,102동,103동,104동,105동,106동,107동,108동,109동,110동,111동,112동,113동",26,35.15117847,128.1092631
경상남도 진주시 가좌동 2033,가좌동,1,진주의봄신진주역세권,진주의봄신진주역세권,진주의봄신진주역세권,"""99000000000002""",12,,773,20250201,"101동,102동,103동,104동,105동,106동,107동,108동,109동,110동,111동,112동",25,35.14941097,128.1109994
경상남도 진주시 가좌동 2092,가좌동,1,신진주라비에데시앙,신진주라비에데시앙,신진주라비에데시앙,"""99000000000003""",11,,810,20240501,"101동,102동,103동,104동,105동,106동,107동,108동,109동,110동,111동",25,35.1533682,128.1222682
경상남도 진주시 초전동 1752,초전동,1,더샵진주피에르테,더샵진주피에르테,더샵진주피에르테,"""99000000000004""",7,,798,20250101,"101동,102동,103동,104동,105동,106동,107동",28,35.2111801,128.1069809
